test_suite_id,scene_id
public_2601,clipgt-f0674f19-6030-4e5c-9031-cd2528c35e06
public_2601,clipgt-f095ecaa-fd12-4448-b384-b11407bc5c4f
public_2601,clipgt-f0d30e68-17a9-4f76-9500-d3f514a5e94e
public_2601,clipgt-f0e5ae95-e4e7-4a47-aad0-37b136e23dd8
public_2601,clipgt-f146fc3e-d484-441d-9c3b-b84790613794
public_2601,clipgt-f16ac2bc-188e-4d69-abae-32b880054d65
public_2601,clipgt-f18c6340-ab0d-4f06-8185-260b90430062
public_2601,clipgt-f1a1256f-93c1-4e6f-8664-9ddfcf9e5ba6
public_2601,clipgt-f244c735-cb12-4190-8b68-64c90251d3f8
public_2601,clipgt-f2bba238-2d2f-4b2b-8243-3166c428f22d
public_2601,clipgt-f2e97ba1-c980-45cc-a358-39ba1d1381eb
public_2601,clipgt-f3a87e7a-e663-446d-bc27-1cab0c7789d9
public_2601,clipgt-f3e3acc7-d8dc-424c-b88b-a06e96d709ca
public_2601,clipgt-f41175b5-dc9f-4049-81f1-df33ed3d2501
public_2601,clipgt-f4553255-8c28-42f5-b601-bfe614b7ab77
public_2601,clipgt-f45e7779-718d-49ff-b59f-42c74a77b9a9
public_2601,clipgt-f4f7e865-9c03-465b-8233-d4eba8f39ff4
public_2601,clipgt-f5192992-715b-4d7a-ab6d-0a5b5f2c8d9a
public_2601,clipgt-f55825ac-4cd3-4222-8fec-2da2aed646a0
public_2601,clipgt-f5f6d4ff-6a4b-49f0-a1fa-d5b6fb03bdff
public_2601,clipgt-f65aa80b-eb72-459f-86bb-42e363007e13
public_2601,clipgt-f6de0321-2272-42ff-a50a-4edea5168565
public_2601,clipgt-f7209243-2583-47a7-8035-245b04051979
public_2601,clipgt-f7bbceae-cc40-4fdb-9643-122c54f2c7b2
public_2601,clipgt-f7ded74f-fbd2-4e57-9ee6-fab842eda85c
public_2601,clipgt-f803b3e3-2c70-43af-80e0-44fef67f207a
public_2601,clipgt-f886551d-1925-4db9-ad39-90595c51edea
public_2601,clipgt-f890fe10-a8f6-47fa-8884-cd6ee54a940a
public_2601,clipgt-f8d31373-64ef-45e8-b8d2-579102dd2791
public_2601,clipgt-f8f93104-aad2-4fae-b8d0-73378e8e11f5
public_2601,clipgt-f9b7dcc6-8ea2-4c5b-9bf2-738f4d4230d6
public_2601,clipgt-f9f72d96-fccb-44b5-8f56-d4fbf17f1473
public_2601,clipgt-fa0379c6-d60e-48b7-b157-11bf5b63039d
public_2601,clipgt-fa1f799f-b2f3-48d7-a61b-e06c619a5514
public_2601,clipgt-fa507a17-91bc-47b0-adc3-3d203da57ad0
public_2601,clipgt-faa097ac-631a-43ef-935a-4fc8e21cdeb6
public_2601,clipgt-faa6cd0c-97f3-40fc-8fd5-e132f616f699
public_2601,clipgt-fad0784a-8223-4c0a-959e-7c0241485f49
public_2601,clipgt-fad840eb-c6e8-4e96-a37c-f1061acb26d9
public_2601,clipgt-fadc73da-130e-42c1-81b9-9e74405c39f3
public_2601,clipgt-fb6d1a18-16cd-45f2-b80d-fa963ff59de3
public_2601,clipgt-fb90f9e6-a9ad-47f1-80b0-ff2c2defdb43
public_2601,clipgt-fba5d7c7-102d-4e9d-84eb-f6e7a53b37eb
public_2601,clipgt-fbbadc60-8365-48b6-acd9-aa546f76dd95
public_2601,clipgt-fbd72c7a-95d0-4c0a-9a4f-e82aea9d3fae
public_2601,clipgt-fbdce016-950b-4533-b8cf-292e3e8b2dda
public_2601,clipgt-fc9fde87-6b71-49ff-baad-2ac992e7e034
public_2601,clipgt-fce18b62-3fd4-45e5-8af9-367270d5986f
public_2601,clipgt-fd0a220e-624d-4b8b-aa0a-4fd563b622b3
public_2601,clipgt-fd22bde9-45fd-4d59-a9bc-a482022e0545
public_2601,clipgt-fdfb5073-c9e6-4da2-93b7-988273da3807
public_2601,clipgt-fe0c2168-7da0-46b7-b29f-efb80b0a41dd
public_2601,clipgt-fe240bc3-c958-4c6e-9a88-8b2ff87ce2e1
public_2601,clipgt-fe2979f4-db32-4a82-9ea0-865103216ac4
public_2601,clipgt-fe6c404c-cca9-46f1-a662-8091b3389a67
public_2601,clipgt-fea4c0bf-4020-415e-ab89-6b0b24f9add9
public_2601,clipgt-fece9f19-fd68-41f6-b406-edd22d4aa15c
public_2601,clipgt-ff25b4c3-7d96-4288-a13f-f2d34fcb0efe
public_2601,clipgt-ff28f961-dd5a-4dba-8fb4-711b510b535c
public_2601,clipgt-ff3ded58-8259-40e8-879b-e1c01db2f536
public_2601,clipgt-ff587666-677a-436c-8a8f-b8ce169dcb30
public_2601,clipgt-ff823af7-8c65-4672-aabc-a986cb4bbfdf
public_2601,clipgt-ffb26632-8c84-433e-bde2-9caf285d8090
public_2601,clipgt-ffd5706c-d61d-4b72-bbc8-5e078207cd64